2.813095950000000357e+03,1.000000000000000000e+00,3.000000000000000000e+00,0.000000000000000000e+00,2.600000000000000000e+01,1.000000000000000000e+00,0.000000000000000000e+00,-9.666666666666665075e-02,5.599999999999999423e-01,1.000000000000000000e+00,2.400000000000000000e+01,2.600000000000000000e+01
2.813095950000000357e+03,0.000000000000000000e+00,2.000000000000000000e+00,0.000000000000000000e+00,2.600000000000000000e+01,1.000000000000000000e+00,0.000000000000000000e+00,3.499999999999999778e-01,4.500000000000000111e-01,1.000000000000000000e+00,1.600000000000000000e+01,2.600000000000000000e+01
2.813095950000000357e+03,0.000000000000000000e+00,0.000000000000000000e+00,0.000000000000000000e+00,2.600000000000000000e+01,1.000000000000000000e+00,0.000000000000000000e+00,0.000000000000000000e+00,0.000000000000000000e+00,1.000000000000000000e+00,1.700000000000000000e+01,2.600000000000000000e+01
2.813095950000000357e+03,0.000000000000000000e+00,0.000000000000000000e+00,0.000000000000000000e+00,2.600000000000000000e+01,1.000000000000000000e+00,1.000000000000000000e+00,0.000000000000000000e+00,0.000000000000000000e+00,1.000000000000000000e+00,1.000000000000000000e+00,2.600000000000000000e+01
2.813095950000000357e+03,1.000000000000000000e+00,0.000000000000000000e+00,0.000000000000000000e+00,2.600000000000000000e+01,1.000000000000000000e+00,0.000000000000000000e+00,-2.435185185185185508e-01,5.712962962962963021e-01,3.000000000000000000e+00,1.400000000000000000e+01,2.600000000000000000e+01
2.813095950000000357e+03,0.000000000000000000e+00,1.000000000000000000e+00,0.000000000000000000e+00,2.600000000000000000e+01,1.000000000000000000e+00,0.000000000000000000e+00,0.000000000000000000e+00,0.000000000000000000e+00,6.000000000000000000e+00,2.400000000000000000e+01,2.600000000000000000e+01
2.813095950000000357e+03,0.000000000000000000e+00,0.000000000000000000e+00,0.000000000000000000e+00,2.600000000000000000e+01,0.000000000000000000e+00,1.000000000000000000e+00,0.000000000000000000e+00,0.000000000000000000e+00,0.000000000000000000e+00,0.000000000000000000e+00,2.600000000000000000e+01
2.813095950000000357e+03,0.000000000000000000e+00,0.000000000000000000e+00,0.000000000000000000e+00,2.600000000000000000e+01,1.000000000000000000e+00,1.000000000000000000e+00,0.000000000000000000e+00,0.000000000000000000e+00,2.000000000000000000e+00,1.400000000000000000e+01,2.600000000000000000e+01
2.813095950000000357e+03,0.000000000000000000e+00,0.000000000000000000e+00,0.000000000000000000e+00,2.600000000000000000e+01,0.000000000000000000e+00,1.000000000000000000e+00,0.000000000000000000e+00,0.000000000000000000e+00,0.000000000000000000e+00,0.000000000000000000e+00,2.600000000000000000e+01
2.813095950000000357e+03,0.000000000000000000e+00,0.000000000000000000e+00,0.000000000000000000e+00,2.600000000000000000e+01,0.000000000000000000e+00,1.000000000000000000e+00,0.000000000000000000e+00,0.000000000000000000e+00,0.000000000000000000e+00,0.000000000000000000e+00,2.600000000000000000e+01
2.813095950000000357e+03,0.000000000000000000e+00,2.000000000000000000e+00,0.000000000000000000e+00,2.600000000000000000e+01,1.000000000000000000e+00,0.000000000000000000e+00,0.000000000000000000e+00,3.750000000000000000e-01,1.000000000000000000e+00,1.200000000000000000e+01,2.600000000000000000e+01
2.813095950000000357e+03,0.000000000000000000e+00,0.000000000000000000e+00,0.000000000000000000e+00,2.600000000000000000e+01,1.000000000000000000e+00,0.000000000000000000e+00,5.277777777777777901e-01,4.888888888888889284e-01,2.000000000000000000e+00,2.900000000000000000e+01,2.600000000000000000e+01
2.813095950000000357e+03,0.000000000000000000e+00,0.000000000000000000e+00,0.000000000000000000e+00,2.600000000000000000e+01,1.000000000000000000e+00,0.000000000000000000e+00,4.814814814814814131e-02,4.962962962962962910e-01,1.000000000000000000e+00,1.600000000000000000e+01,2.600000000000000000e+01
2.813095950000000357e+03,0.000000000000000000e+00,0.000000000000000000e+00,0.000000000000000000e+00,2.600000000000000000e+01,0.000000000000000000e+00,1.000000000000000000e+00,0.000000000000000000e+00,0.000000000000000000e+00,0.000000000000000000e+00,0.000000000000000000e+00,2.600000000000000000e+01
2.813095950000000357e+03,0.000000000000000000e+00,0.000000000000000000e+00,0.000000000000000000e+00,2.600000000000000000e+01,0.000000000000000000e+00,1.000000000000000000e+00,0.000000000000000000e+00,0.000000000000000000e+00,0.000000000000000000e+00,0.000000000000000000e+00,2.600000000000000000e+01
2.813095950000000357e+03,0.000000000000000000e+00,0.000000000000000000e+00,0.000000000000000000e+00,2.600000000000000000e+01,1.000000000000000000e+00,1.000000000000000000e+00,0.000000000000000000e+00,0.000000000000000000e+00,1.000000000000000000e+00,3.000000000000000000e+00,2.600000000000000000e+01
2.813095950000000357e+03,0.000000000000000000e+00,0.000000000000000000e+00,0.000000000000000000e+00,2.600000000000000000e+01,0.000000000000000000e+00,1.000000000000000000e+00,0.000000000000000000e+00,0.000000000000000000e+00,0.000000000000000000e+00,0.000000000000000000e+00,2.600000000000000000e+01
2.813095950000000357e+03,2.000000000000000000e+00,2.000000000000000000e+00,0.000000000000000000e+00,2.600000000000000000e+01,1.000000000000000000e+00,0.000000000000000000e+00,-4.000000000000000222e-01,6.999999999999999556e-01,6.000000000000000000e+00,5.800000000000000000e+01,2.600000000000000000e+01
2.813095950000000357e+03,6.000000000000000000e+00,1.000000000000000000e+01,1.000000000000000000e+00,2.600000000000000000e+01,1.000000000000000000e+00,1.000000000000000000e+00,-5.069444444444445169e-02,4.059027777777777790e-01,5.000000000000000000e+00,1.180000000000000000e+02,2.600000000000000000e+01
2.813095950000000357e+03,0.000000000000000000e+00,0.000000000000000000e+00,0.000000000000000000e+00,2.600000000000000000e+01,0.000000000000000000e+00,1.000000000000000000e+00,0.000000000000000000e+00,0.000000000000000000e+00,0.000000000000000000e+00,0.000000000000000000e+00,2.600000000000000000e+01
2.813095950000000357e+03,0.000000000000000000e+00,0.000000000000000000e+00,0.000000000000000000e+00,2.600000000000000000e+01,1.000000000000000000e+00,1.000000000000000000e+00,0.000000000000000000e+00,0.000000000000000000e+00,1.000000000000000000e+00,3.000000000000000000e+00,2.600000000000000000e+01
2.813095950000000357e+03,0.000000000000000000e+00,0.000000000000000000e+00,0.000000000000000000e+00,2.600000000000000000e+01,0.000000000000000000e+00,1.000000000000000000e+00,0.000000000000000000e+00,0.000000000000000000e+00,0.000000000000000000e+00,0.000000000000000000e+00,2.600000000000000000e+01
2.813095950000000357e+03,2.000000000000000000e+00,2.000000000000000000e+00,0.000000000000000000e+00,2.600000000000000000e+01,1.000000000000000000e+00,0.000000000000000000e+00,-4.000000000000000222e-01,6.999999999999999556e-01,6.000000000000000000e+00,5.800000000000000000e+01,2.600000000000000000e+01
2.813095950000000357e+03,6.000000000000000000e+00,1.000000000000000000e+01,1.000000000000000000e+00,2.600000000000000000e+01,1.000000000000000000e+00,1.000000000000000000e+00,-5.069444444444445169e-02,4.059027777777777790e-01,5.000000000000000000e+00,1.180000000000000000e+02,2.600000000000000000e+01
2.813095950000000357e+03,0.000000000000000000e+00,0.000000000000000000e+00,0.000000000000000000e+00,2.800000000000000000e+01,1.000000000000000000e+00,1.000000000000000000e+00,0.000000000000000000e+00,0.000000000000000000e+00,1.000000000000000000e+00,2.000000000000000000e+00,2.800000000000000000e+01
4.253095949999999903e+03,0.000000000000000000e+00,0.000000000000000000e+00,0.000000000000000000e+00,2.800000000000000000e+01,0.000000000000000000e+00,1.000000000000000000e+00,0.000000000000000000e+00,0.000000000000000000e+00,0.000000000000000000e+00,0.000000000000000000e+00,2.800000000000000000e+01
4.253095949999999903e+03,0.000000000000000000e+00,0.000000000000000000e+00,0.000000000000000000e+00,2.800000000000000000e+01,1.000000000000000000e+00,1.000000000000000000e+00,0.000000000000000000e+00,0.000000000000000000e+00,1.000000000000000000e+00,3.000000000000000000e+00,2.800000000000000000e+01
4.253095949999999903e+03,0.000000000000000000e+00,1.500000000000000000e+01,0.000000000000000000e+00,2.800000000000000000e+01,1.000000000000000000e+00,0.000000000000000000e+00,-2.999999999999999542e-02,2.740476190476189844e-01,2.000000000000000000e+00,1.390000000000000000e+02,2.800000000000000000e+01
4.253095949999999903e+03,0.000000000000000000e+00,0.000000000000000000e+00,0.000000000000000000e+00,2.800000000000000000e+01,1.000000000000000000e+00,1.000000000000000000e+00,0.000000000000000000e+00,0.000000000000000000e+00,1.000000000000000000e+00,5.000000000000000000e+00,2.800000000000000000e+01
4.253095949999999903e+03,1.000000000000000000e+00,1.300000000000000000e+01,1.000000000000000000e+00,2.800000000000000000e+01,1.000000000000000000e+00,0.000000000000000000e+00,4.600000000000001310e-02,3.657912087912087995e-01,6.000000000000000000e+00,2.500000000000000000e+02,2.800000000000000000e+01
4.253095949999999903e+03,0.000000000000000000e+00,0.000000000000000000e+00,0.000000000000000000e+00,2.800000000000000000e+01,1.000000000000000000e+00,1.000000000000000000e+00,0.000000000000000000e+00,0.000000000000000000e+00,1.000000000000000000e+00,3.000000000000000000e+00,2.800000000000000000e+01
4.253095949999999903e+03,3.000000000000000000e+00,1.800000000000000000e+01,0.000000000000000000e+00,2.800000000000000000e+01,1.000000000000000000e+00,0.000000000000000000e+00,3.910658914728682434e-01,5.962403100775194309e-01,1.500000000000000000e+01,3.720000000000000000e+02,2.800000000000000000e+01
4.253095949999999903e+03,0.000000000000000000e+00,0.000000000000000000e+00,0.000000000000000000e+00,2.800000000000000000e+01,1.000000000000000000e+00,1.000000000000000000e+00,0.000000000000000000e+00,0.000000000000000000e+00,1.000000000000000000e+00,7.000000000000000000e+00,2.800000000000000000e+01
4.253095949999999903e+03,0.000000000000000000e+00,0.000000000000000000e+00,0.000000000000000000e+00,2.800000000000000000e+01,0.000000000000000000e+00,1.000000000000000000e+00,0.000000000000000000e+00,0.000000000000000000e+00,0.000000000000000000e+00,0.000000000000000000e+00,2.800000000000000000e+01
4.253095949999999903e+03,5.000000000000000000e+00,2.700000000000000000e+01,0.000000000000000000e+00,2.800000000000000000e+01,1.000000000000000000e+00,1.000000000000000000e+00,-1.747589531680456085e-03,6.235979929161746815e-01,3.800000000000000000e+01,5.520000000000000000e+02,2.800000000000000000e+01
4.253095949999999903e+03,0.000000000000000000e+00,0.000000000000000000e+00,0.000000000000000000e+00,2.800000000000000000e+01,1.000000000000000000e+00,1.000000000000000000e+00,0.000000000000000000e+00,0.000000000000000000e+00,1.000000000000000000e+00,4.000000000000000000e+00,2.800000000000000000e+01
4.253095949999999903e+03,0.000000000000000000e+00,0.000000000000000000e+00,0.000000000000000000e+00,2.800000000000000000e+01,1.000000000000000000e+00,0.000000000000000000e+00,5.000000000000000000e-01,5.000000000000000000e-01,1.000000000000000000e+00,7.000000000000000000e+00,2.800000000000000000e+01
4.253095949999999903e+03,0.000000000000000000e+00,1.000000000000000000e+00,0.000000000000000000e+00,3.600000000000000000e+01,1.000000000000000000e+00,1.000000000000000000e+00,8.000000000000000444e-01,7.500000000000000000e-01,1.000000000000000000e+00,1.700000000000000000e+01,3.600000000000000000e+01
5.693095949999999903e+03,1.000000000000000000e+00,2.000000000000000000e+00,0.000000000000000000e+00,3.600000000000000000e+01,1.000000000000000000e+00,0.000000000000000000e+00,1.428571428571429394e-02,5.714285714285715079e-01,1.000000000000000000e+00,9.300000000000000000e+01,3.600000000000000000e+01
5.693095949999999903e+03,0.000000000000000000e+00,0.000000000000000000e+00,0.000000000000000000e+00,4.400000000000000000e+01,1.000000000000000000e+00,1.000000000000000000e+00,0.000000000000000000e+00,0.000000000000000000e+00,1.000000000000000000e+00,2.400000000000000000e+01,4.400000000000000000e+01
5.693095949999999903e+03,0.000000000000000000e+00,0.000000000000000000e+00,0.000000000000000000e+00,5.100000000000000000e+01,1.000000000000000000e+00,1.000000000000000000e+00,0.000000000000000000e+00,0.000000000000000000e+00,1.000000000000000000e+00,1.000000000000000000e+00,5.100000000000000000e+01
5.693095949999999903e+03,0.000000000000000000e+00,0.000000000000000000e+00,0.000000000000000000e+00,5.100000000000000000e+01,0.000000000000000000e+00,1.000000000000000000e+00,0.000000000000000000e+00,0.000000000000000000e+00,0.000000000000000000e+00,0.000000000000000000e+00,5.100000000000000000e+01
5.693095949999999903e+03,0.000000000000000000e+00,0.000000000000000000e+00,0.000000000000000000e+00,5.100000000000000000e+01,0.000000000000000000e+00,1.000000000000000000e+00,0.000000000000000000e+00,0.000000000000000000e+00,0.000000000000000000e+00,0.000000000000000000e+00,5.100000000000000000e+01
5.693095949999999903e+03,0.000000000000000000e+00,0.000000000000000000e+00,0.000000000000000000e+00,5.100000000000000000e+01,0.000000000000000000e+00,1.000000000000000000e+00,0.000000000000000000e+00,0.000000000000000000e+00,0.000000000000000000e+00,0.000000000000000000e+00,5.100000000000000000e+01
5.693095949999999903e+03,0.000000000000000000e+00,1.000000000000000000e+00,0.000000000000000000e+00,5.100000000000000000e+01,1.000000000000000000e+00,1.000000000000000000e+00,6.500000000000000222e-01,8.750000000000000000e-01,1.000000000000000000e+00,7.000000000000000000e+00,5.100000000000000000e+01
5.693095949999999903e+03,0.000000000000000000e+00,0.000000000000000000e+00,0.000000000000000000e+00,5.100000000000000000e+01,0.000000000000000000e+00,1.000000000000000000e+00,0.000000000000000000e+00,0.000000000000000000e+00,0.000000000000000000e+00,0.000000000000000000e+00,5.100000000000000000e+01
5.693095949999999903e+03,0.000000000000000000e+00,0.000000000000000000e+00,0.000000000000000000e+00,5.100000000000000000e+01,1.000000000000000000e+00,1.000000000000000000e+00,0.000000000000000000e+00,0.000000000000000000e+00,1.000000000000000000e+00,3.000000000000000000e+00,5.100000000000000000e+01
5.693095949999999903e+03,1.600000000000000000e+01,3.000000000000000000e+00,0.000000000000000000e+00,5.100000000000000000e+01,1.000000000000000000e+00,1.000000000000000000e+00,-8.333333333333332871e-02,5.333333333333333259e-01,1.200000000000000000e+01,1.010000000000000000e+02,5.100000000000000000e+01
5.693095949999999903e+03,0.000000000000000000e+00,1.000000000000000000e+00,0.000000000000000000e+00,5.400000000000000000e+01,1.000000000000000000e+00,1.000000000000000000e+00,-2.000000000000000111e-01,2.999999999999999889e-01,1.000000000000000000e+00,4.000000000000000000e+00,5.400000000000000000e+01
5.693095949999999903e+03,4.000000000000000000e+00,0.000000000000000000e+00,0.000000000000000000e+00,5.400000000000000000e+01,1.000000000000000000e+00,0.000000000000000000e+00,1.857142857142856929e-01,4.269841269841269105e-01,7.000000000000000000e+00,5.500000000000000000e+01,5.400000000000000000e+01
5.693095949999999903e+03,0.000000000000000000e+00,0.000000000000000000e+00,1.000000000000000000e+00,5.800000000000000000e+01,1.000000000000000000e+00,0.000000000000000000e+00,6.250000000000000000e-02,5.000000000000000000e-01,1.000000000000000000e+00,1.800000000000000000e+01,5.800000000000000000e+01
5.693095949999999903e+03,0.000000000000000000e+00,0.000000000000000000e+00,0.000000000000000000e+00,5.900000000000000000e+01,1.000000000000000000e+00,1.000000000000000000e+00,0.000000000000000000e+00,0.000000000000000000e+00,1.000000000000000000e+00,1.000000000000000000e+00,5.900000000000000000e+01
5.693095949999999903e+03,0.000000000000000000e+00,0.000000000000000000e+00,0.000000000000000000e+00,5.900000000000000000e+01,1.000000000000000000e+00,1.000000000000000000e+00,0.000000000000000000e+00,1.000000000000000056e-01,1.000000000000000000e+00,2.500000000000000000e+01,5.900000000000000000e+01
5.693095949999999903e+03,1.000000000000000000e+01,5.000000000000000000e+00,0.000000000000000000e+00,5.900000000000000000e+01,1.000000000000000000e+00,0.000000000000000000e+00,-1.051851851851851594e-01,5.134259259259260633e-01,6.000000000000000000e+00,1.990000000000000000e+02,5.900000000000000000e+01
5.693095949999999903e+03,0.000000000000000000e+00,2.000000000000000000e+00,0.000000000000000000e+00,5.900000000000000000e+01,1.000000000000000000e+00,1.000000000000000000e+00,0.000000000000000000e+00,7.500000000000000000e-01,1.000000000000000000e+00,1.400000000000000000e+01,5.900000000000000000e+01
5.693095949999999903e+03,0.000000000000000000e+00,2.600000000000000000e+01,0.000000000000000000e+00,5.900000000000000000e+01,1.000000000000000000e+00,0.000000000000000000e+00,2.538194444444444309e-01,5.680059523809524169e-01,1.000000000000000000e+01,3.720000000000000000e+02,5.900000000000000000e+01
5.693095949999999903e+03,0.000000000000000000e+00,0.000000000000000000e+00,0.000000000000000000e+00,5.900000000000000000e+01,1.000000000000000000e+00,1.000000000000000000e+00,0.000000000000000000e+00,0.000000000000000000e+00,1.000000000000000000e+00,2.000000000000000000e+00,5.900000000000000000e+01
5.693095949999999903e+03,4.000000000000000000e+00,0.000000000000000000e+00,0.000000000000000000e+00,6.000000000000000000e+01,1.000000000000000000e+00,0.000000000000000000e+00,4.208333333333333925e-01,6.673611111111110716e-01,6.000000000000000000e+00,1.150000000000000000e+02,6.000000000000000000e+01
5.693095949999999903e+03,0.000000000000000000e+00,0.000000000000000000e+00,0.000000000000000000e+00,6.000000000000000000e+01,1.000000000000000000e+00,1.000000000000000000e+00,0.000000000000000000e+00,0.000000000000000000e+00,1.000000000000000000e+00,5.000000000000000000e+00,6.000000000000000000e+01
5.693095949999999903e+03,0.000000000000000000e+00,0.000000000000000000e+00,0.000000000000000000e+00,6.100000000000000000e+01,1.000000000000000000e+00,1.000000000000000000e+00,7.500000000000000000e-01,1.000000000000000000e+00,1.000000000000000000e+00,6.000000000000000000e+00,6.100000000000000000e+01
5.693095949999999903e+03,5.000000000000000000e+00,2.000000000000000000e+00,1.000000000000000000e+00,6.100000000000000000e+01,1.000000000000000000e+00,0.000000000000000000e+00,0.000000000000000000e+00,0.000000000000000000e+00,2.000000000000000000e+00,4.100000000000000000e+01,6.100000000000000000e+01
5.693095949999999903e+03,2.000000000000000000e+00,7.000000000000000000e+00,0.000000000000000000e+00,6.100000000000000000e+01,1.000000000000000000e+00,0.000000000000000000e+00,1.522132034632034392e-01,3.528634559884559208e-01,3.000000000000000000e+00,1.520000000000000000e+02,6.100000000000000000e+01
5.693095949999999903e+03,0.000000000000000000e+00,0.000000000000000000e+00,0.000000000000000000e+00,6.100000000000000000e+01,1.000000000000000000e+00,0.000000000000000000e+00,-8.333333333333331483e-03,6.500000000000000222e-01,3.000000000000000000e+00,5.100000000000000000e+01,6.100000000000000000e+01
5.693095949999999903e+03,0.000000000000000000e+00,4.000000000000000000e+00,0.000000000000000000e+00,6.100000000000000000e+01,1.000000000000000000e+00,0.000000000000000000e+00,-5.000000000000000000e-01,7.399999999999999911e-01,3.000000000000000000e+00,1.900000000000000000e+01,6.100000000000000000e+01
5.693095949999999903e+03,0.000000000000000000e+00,0.000000000000000000e+00,0.000000000000000000e+00,6.100000000000000000e+01,1.000000000000000000e+00,0.000000000000000000e+00,-5.000000000000000000e-01,8.000000000000000444e-01,1.000000000000000000e+00,1.300000000000000000e+01,6.100000000000000000e+01
7.133095949999999903e+03,1.000000000000000000e+00,1.000000000000000000e+00,0.000000000000000000e+00,6.100000000000000000e+01,1.000000000000000000e+00,0.000000000000000000e+00,0.000000000000000000e+00,0.000000000000000000e+00,1.000000000000000000e+00,1.300000000000000000e+01,6.100000000000000000e+01
7.133095949999999903e+03,2.000000000000000000e+00,1.240000000000000000e+02,2.000000000000000000e+01,6.100000000000000000e+01,1.000000000000000000e+00,0.000000000000000000e+00,1.566959917743890873e-01,4.943453826467765211e-01,1.590000000000000000e+02,2.780000000000000000e+03,6.100000000000000000e+01
7.133095949999999903e+03,0.000000000000000000e+00,0.000000000000000000e+00,0.000000000000000000e+00,6.100000000000000000e+01,0.000000000000000000e+00,1.000000000000000000e+00,0.000000000000000000e+00,0.000000000000000000e+00,0.000000000000000000e+00,0.000000000000000000e+00,6.100000000000000000e+01
7.133095949999999903e+03,0.000000000000000000e+00,0.000000000000000000e+00,0.000000000000000000e+00,6.100000000000000000e+01,1.000000000000000000e+00,1.000000000000000000e+00,0.000000000000000000e+00,0.000000000000000000e+00,1.000000000000000000e+00,3.000000000000000000e+00,6.100000000000000000e+01
7.133095949999999903e+03,0.000000000000000000e+00,0.000000000000000000e+00,0.000000000000000000e+00,6.100000000000000000e+01,1.000000000000000000e+00,1.000000000000000000e+00,-2.916666666666666852e-01,5.416666666666666297e-01,1.000000000000000000e+00,1.500000000000000000e+01,6.100000000000000000e+01
7.133095949999999903e+03,0.000000000000000000e+00,0.000000000000000000e+00,0.000000000000000000e+00,6.100000000000000000e+01,1.000000000000000000e+00,0.000000000000000000e+00,0.000000000000000000e+00,3.099999999999999978e-01,1.000000000000000000e+00,2.500000000000000000e+01,6.100000000000000000e+01
7.133095949999999903e+03,0.000000000000000000e+00,1.000000000000000000e+00,0.000000000000000000e+00,6.100000000000000000e+01,1.000000000000000000e+00,1.000000000000000000e+00,0.000000000000000000e+00,0.000000000000000000e+00,1.000000000000000000e+00,4.000000000000000000e+00,6.100000000000000000e+01
7.133095949999999903e+03,0.000000000000000000e+00,7.100000000000000000e+01,0.000000000000000000e+00,6.100000000000000000e+01,1.000000000000000000e+00,1.000000000000000000e+00,9.227815638706728107e-02,3.408427655952408486e-01,5.300000000000000000e+01,9.860000000000000000e+02,6.100000000000000000e+01
7.133095949999999903e+03,1.000000000000000000e+00,8.000000000000000000e+00,0.000000000000000000e+00,6.100000000000000000e+01,1.000000000000000000e+00,1.000000000000000000e+00,1.666666666666666852e-01,5.166666666666667185e-01,4.000000000000000000e+00,7.600000000000000000e+01,6.100000000000000000e+01
7.133095949999999903e+03,1.000000000000000000e+00,7.000000000000000000e+00,0.000000000000000000e+00,6.100000000000000000e+01,1.000000000000000000e+00,1.000000000000000000e+00,2.346666666666666623e-01,7.338476190476191929e-01,6.000000000000000000e+00,1.770000000000000000e+02,6.100000000000000000e+01
7.133095949999999903e+03,0.000000000000000000e+00,0.000000000000000000e+00,0.000000000000000000e+00,6.100000000000000000e+01,0.000000000000000000e+00,1.000000000000000000e+00,0.000000000000000000e+00,0.000000000000000000e+00,0.000000000000000000e+00,0.000000000000000000e+00,6.100000000000000000e+01
7.133095949999999903e+03,2.000000000000000000e+00,1.200000000000000000e+01,0.000000000000000000e+00,6.200000000000000000e+01,1.000000000000000000e+00,0.000000000000000000e+00,1.578947368421051989e-02,5.230701754385964630e-01,4.000000000000000000e+00,2.000000000000000000e+02,6.200000000000000000e+01
7.133095949999999903e+03,2.000000000000000000e+00,1.000000000000000000e+00,1.000000000000000000e+00,6.300000000000000000e+01,1.000000000000000000e+00,0.000000000000000000e+00,2.749999999999999667e-01,2.666666666666666630e-01,2.000000000000000000e+00,4.500000000000000000e+01,6.300000000000000000e+01
7.133095949999999903e+03,0.000000000000000000e+00,0.000000000000000000e+00,0.000000000000000000e+00,6.300000000000000000e+01,1.000000000000000000e+00,1.000000000000000000e+00,0.000000000000000000e+00,0.000000000000000000e+00,1.000000000000000000e+00,5.000000000000000000e+00,6.300000000000000000e+01
7.133095949999999903e+03,3.000000000000000000e+00,0.000000000000000000e+00,0.000000000000000000e+00,6.300000000000000000e+01,1.000000000000000000e+00,0.000000000000000000e+00,-3.024999999999999356e-01,6.948333333333333028e-01,1.000000000000000000e+00,3.100000000000000000e+01,6.300000000000000000e+01
7.133095949999999903e+03,0.000000000000000000e+00,0.000000000000000000e+00,0.000000000000000000e+00,6.300000000000000000e+01,1.000000000000000000e+00,1.000000000000000000e+00,8.000000000000000444e-01,2.000000000000000111e-01,1.000000000000000000e+00,1.400000000000000000e+01,6.300000000000000000e+01
7.133095949999999903e+03,1.000000000000000000e+00,1.000000000000000000e+00,0.000000000000000000e+00,6.300000000000000000e+01,1.000000000000000000e+00,0.000000000000000000e+00,0.000000000000000000e+00,0.000000000000000000e+00,1.000000000000000000e+00,6.000000000000000000e+00,6.300000000000000000e+01
7.133095949999999903e+03,0.000000000000000000e+00,0.000000000000000000e+00,0.000000000000000000e+00,6.300000000000000000e+01,1.000000000000000000e+00,1.000000000000000000e+00,0.000000000000000000e+00,0.000000000000000000e+00,1.000000000000000000e+00,3.000000000000000000e+00,6.300000000000000000e+01
7.133095949999999903e+03,1.000000000000000000e+00,0.000000000000000000e+00,0.000000000000000000e+00,6.300000000000000000e+01,1.000000000000000000e+00,1.000000000000000000e+00,1.499999999999999944e-01,6.999999999999999556e-01,2.000000000000000000e+00,1.800000000000000000e+01,6.300000000000000000e+01
7.133095949999999903e+03,0.000000000000000000e+00,0.000000000000000000e+00,0.000000000000000000e+00,6.300000000000000000e+01,1.000000000000000000e+00,1.000000000000000000e+00,0.000000000000000000e+00,0.000000000000000000e+00,1.000000000000000000e+00,6.000000000000000000e+00,6.300000000000000000e+01
7.133095949999999903e+03,0.000000000000000000e+00,0.000000000000000000e+00,0.000000000000000000e+00,6.300000000000000000e+01,0.000000000000000000e+00,1.000000000000000000e+00,0.000000000000000000e+00,0.000000000000000000e+00,0.000000000000000000e+00,0.000000000000000000e+00,6.300000000000000000e+01
7.133095949999999903e+03,0.000000000000000000e+00,0.000000000000000000e+00,0.000000000000000000e+00,6.300000000000000000e+01,0.000000000000000000e+00,1.000000000000000000e+00,0.000000000000000000e+00,0.000000000000000000e+00,0.000000000000000000e+00,0.000000000000000000e+00,6.300000000000000000e+01
7.133095949999999903e+03,0.000000000000000000e+00,0.000000000000000000e+00,0.000000000000000000e+00,6.300000000000000000e+01,0.000000000000000000e+00,1.000000000000000000e+00,0.000000000000000000e+00,0.000000000000000000e+00,0.000000000000000000e+00,0.000000000000000000e+00,6.300000000000000000e+01
7.133095949999999903e+03,0.000000000000000000e+00,0.000000000000000000e+00,0.000000000000000000e+00,6.300000000000000000e+01,1.000000000000000000e+00,1.000000000000000000e+00,5.000000000000000000e-01,1.000000000000000000e+00,1.000000000000000000e+00,9.000000000000000000e+00,6.300000000000000000e+01
7.133095949999999903e+03,1.000000000000000000e+00,2.000000000000000000e+00,0.000000000000000000e+00,6.300000000000000000e+01,1.000000000000000000e+00,0.000000000000000000e+00,-1.666666666666666574e-01,6.250000000000000000e-01,1.000000000000000000e+00,1.900000000000000000e+01,6.300000000000000000e+01
7.133095949999999903e+03,1.000000000000000000e+00,0.000000000000000000e+00,0.000000000000000000e+00,6.300000000000000000e+01,1.000000000000000000e+00,0.000000000000000000e+00,3.499999999999999778e-01,6.500000000000000222e-01,1.000000000000000000e+00,1.600000000000000000e+01,6.300000000000000000e+01
7.133095949999999903e+03,0.000000000000000000e+00,1.000000000000000000e+00,0.000000000000000000e+00,6.300000000000000000e+01,1.000000000000000000e+00,0.000000000000000000e+00,5.000000000000000000e-01,5.000000000000000000e-01,1.000000000000000000e+00,1.300000000000000000e+01,6.300000000000000000e+01
7.133095949999999903e+03,0.000000000000000000e+00,1.000000000000000000e+00,0.000000000000000000e+00,6.300000000000000000e+01,1.000000000000000000e+00,1.000000000000000000e+00,0.000000000000000000e+00,0.000000000000000000e+00,1.000000000000000000e+00,5.000000000000000000e+00,6.300000000000000000e+01
7.133095949999999903e+03,1.000000000000000000e+00,1.000000000000000000e+00,0.000000000000000000e+00,6.300000000000000000e+01,1.000000000000000000e+00,0.000000000000000000e+00,-1.000000000000000056e-01,2.000000000000000111e-01,1.000000000000000000e+00,1.300000000000000000e+01,6.300000000000000000e+01
7.133095949999999903e+03,1.000000000000000000e+00,0.000000000000000000e+00,0.000000000000000000e+00,6.300000000000000000e+01,1.000000000000000000e+00,0.000000000000000000e+00,5.000000000000000000e-01,1.000000000000000000e+00,1.000000000000000000e+00,2.200000000000000000e+01,6.300000000000000000e+01
7.133095949999999903e+03,0.000000000000000000e+00,0.000000000000000000e+00,0.000000000000000000e+00,6.300000000000000000e+01,0.000000000000000000e+00,1.000000000000000000e+00,0.000000000000000000e+00,0.000000000000000000e+00,0.000000000000000000e+00,0.000000000000000000e+00,6.300000000000000000e+01
7.133095949999999903e+03,0.000000000000000000e+00,0.000000000000000000e+00,0.000000000000000000e+00,6.300000000000000000e+01,1.000000000000000000e+00,1.000000000000000000e+00,0.000000000000000000e+00,0.000000000000000000e+00,1.000000000000000000e+00,3.000000000000000000e+00,6.300000000000000000e+01
7.133095949999999903e+03,0.000000000000000000e+00,0.000000000000000000e+00,0.000000000000000000e+00,6.600000000000000000e+01,1.000000000000000000e+00,1.000000000000000000e+00,6.250000000000000000e-01,5.000000000000000000e-01,1.000000000000000000e+00,1.600000000000000000e+01,6.600000000000000000e+01
7.133095949999999903e+03,1.000000000000000000e+00,1.000000000000000000e+00,0.000000000000000000e+00,6.600000000000000000e+01,1.000000000000000000e+00,0.000000000000000000e+00,2.857142857142856984e-01,5.357142857142856984e-01,1.000000000000000000e+00,1.000000000000000000e+01,6.600000000000000000e+01
7.133095949999999903e+03,1.000000000000000000e+00,1.000000000000000000e+00,0.000000000000000000e+00,6.600000000000000000e+01,1.000000000000000000e+00,0.000000000000000000e+00,1.448567708333333426e-01,6.666666666666666297e-01,2.000000000000000000e+00,3.100000000000000000e+01,6.600000000000000000e+01
8.573095949999998993e+03,1.000000000000000000e+00,1.000000000000000000e+00,0.000000000000000000e+00,6.600000000000000000e+01,1.000000000000000000e+00,0.000000000000000000e+00,1.448567708333333426e-01,6.666666666666666297e-01,2.000000000000000000e+00,3.100000000000000000e+01,6.600000000000000000e+01
8.573095949999998993e+03,0.000000000000000000e+00,0.000000000000000000e+00,0.000000000000000000e+00,6.800000000000000000e+01,1.000000000000000000e+00,1.000000000000000000e+00,0.000000000000000000e+00,0.000000000000000000e+00,1.000000000000000000e+00,3.000000000000000000e+00,6.800000000000000000e+01
8.573095949999998993e+03,1.000000000000000000e+00,6.000000000000000000e+00,0.000000000000000000e+00,6.800000000000000000e+01,1.000000000000000000e+00,1.000000000000000000e+00,-2.083333333333332871e-02,9.166666666666666297e-01,2.000000000000000000e+00,8.300000000000000000e+01,6.800000000000000000e+01
8.573095949999998993e+03,0.000000000000000000e+00,0.000000000000000000e+00,0.000000000000000000e+00,6.800000000000000000e+01,0.000000000000000000e+00,1.000000000000000000e+00,0.000000000000000000e+00,0.000000000000000000e+00,0.000000000000000000e+00,0.000000000000000000e+00,6.800000000000000000e+01
8.573095949999998993e+03,0.000000000000000000e+00,0.000000000000000000e+00,0.000000000000000000e+00,6.800000000000000000e+01,0.000000000000000000e+00,1.000000000000000000e+00,0.000000000000000000e+00,0.000000000000000000e+00,0.000000000000000000e+00,0.000000000000000000e+00,6.800000000000000000e+01
8.573095949999998993e+03,0.000000000000000000e+00,0.000000000000000000e+00,0.000000000000000000e+00,6.800000000000000000e+01,1.000000000000000000e+00,1.000000000000000000e+00,0.000000000000000000e+00,0.000000000000000000e+00,1.000000000000000000e+00,1.100000000000000000e+01,6.800000000000000000e+01
8.573095949999998993e+03,4.000000000000000000e+00,2.000000000000000000e+00,0.000000000000000000e+00,6.800000000000000000e+01,1.000000000000000000e+00,0.000000000000000000e+00,-3.571428571428571508e-01,8.714285714285715523e-01,1.000000000000000000e+00,4.500000000000000000e+01,6.800000000000000000e+01
8.573095949999998993e+03,0.000000000000000000e+00,0.000000000000000000e+00,0.000000000000000000e+00,6.800000000000000000e+01,1.000000000000000000e+00,1.000000000000000000e+00,0.000000000000000000e+00,0.000000000000000000e+00,1.000000000000000000e+00,2.000000000000000000e+00,6.800000000000000000e+01
8.573095949999998993e+03,0.000000000000000000e+00,0.000000000000000000e+00,0.000000000000000000e+00,6.800000000000000000e+01,0.000000000000000000e+00,1.000000000000000000e+00,0.000000000000000000e+00,0.000000000000000000e+00,0.000000000000000000e+00,0.000000000000000000e+00,6.800000000000000000e+01
8.573095949999998993e+03,0.000000000000000000e+00,1.000000000000000000e+00,0.000000000000000000e+00,6.800000000000000000e+01,1.000000000000000000e+00,0.000000000000000000e+00,-1.000000000000000056e-01,4.000000000000000222e-01,1.000000000000000000e+00,1.200000000000000000e+01,6.800000000000000000e+01
8.573095949999998993e+03,1.300000000000000000e+01,9.000000000000000000e+00,1.000000000000000000e+00,6.800000000000000000e+01,1.000000000000000000e+00,0.000000000000000000e+00,2.387820512820512664e-01,5.413461538461538103e-01,6.000000000000000000e+00,1.710000000000000000e+02,6.800000000000000000e+01
8.573095949999998993e+03,0.000000000000000000e+00,0.000000000000000000e+00,0.000000000000000000e+00,6.800000000000000000e+01,1.000000000000000000e+00,0.000000000000000000e+00,0.000000000000000000e+00,1.000000000000000000e+00,2.000000000000000000e+00,1.900000000000000000e+01,6.800000000000000000e+01
8.573095949999998993e+03,0.000000000000000000e+00,1.000000000000000000e+00,0.000000000000000000e+00,6.800000000000000000e+01,1.000000000000000000e+00,0.000000000000000000e+00,0.000000000000000000e+00,0.000000000000000000e+00,1.000000000000000000e+00,1.700000000000000000e+01,6.800000000000000000e+01
8.573095949999998993e+03,0.000000000000000000e+00,0.000000000000000000e+00,0.000000000000000000e+00,6.800000000000000000e+01,1.000000000000000000e+00,0.000000000000000000e+00,2.250000000000000056e-01,3.499999999999999778e-01,1.000000000000000000e+00,2.000000000000000000e+01,6.800000000000000000e+01
8.573095949999998993e+03,0.000000000000000000e+00,1.000000000000000000e+00,0.000000000000000000e+00,6.800000000000000000e+01,1.000000000000000000e+00,0.000000000000000000e+00,1.499999999999999944e-01,6.333333333333333037e-01,1.000000000000000000e+00,1.800000000000000000e+01,6.800000000000000000e+01
8.573095949999998993e+03,1.000000000000000000e+00,2.000000000000000000e+00,1.000000000000000000e+00,6.800000000000000000e+01,1.000000000000000000e+00,0.000000000000000000e+00,5.999999999999999778e-01,1.000000000000000000e+00,1.000000000000000000e+00,1.500000000000000000e+01,6.800000000000000000e+01
8.573095949999998993e+03,1.000000000000000000e+00,1.000000000000000000e+00,0.000000000000000000e+00,6.800000000000000000e+01,1.000000000000000000e+00,1.000000000000000000e+00,-5.000000000000000000e-01,1.000000000000000000e+00,3.000000000000000000e+00,3.300000000000000000e+01,6.800000000000000000e+01
8.573095949999998993e+03,1.800000000000000000e+01,4.000000000000000000e+00,0.000000000000000000e+00,6.800000000000000000e+01,1.000000000000000000e+00,0.000000000000000000e+00,-1.399659863945578453e-01,5.007747543461829043e-01,6.000000000000000000e+00,3.710000000000000000e+02,6.800000000000000000e+01
1.001309594999999899e+04,2.000000000000000000e+00,0.000000000000000000e+00,0.000000000000000000e+00,6.900000000000000000e+01,1.000000000000000000e+00,0.000000000000000000e+00,-4.200000000000000400e-01,7.399999999999999911e-01,1.000000000000000000e+00,3.600000000000000000e+01,6.900000000000000000e+01
1.001309594999999899e+04,4.000000000000000000e+00,3.000000000000000000e+00,0.000000000000000000e+00,6.900000000000000000e+01,1.000000000000000000e+00,0.000000000000000000e+00,8.999999999999999667e-02,3.099999999999999423e-01,4.000000000000000000e+00,8.000000000000000000e+01,6.900000000000000000e+01
1.001309594999999899e+04,0.000000000000000000e+00,0.000000000000000000e+00,0.000000000000000000e+00,6.900000000000000000e+01,0.000000000000000000e+00,1.000000000000000000e+00,0.000000000000000000e+00,0.000000000000000000e+00,2.000000000000000000e+00,0.000000000000000000e+00,6.900000000000000000e+01
1.001309594999999899e+04,0.000000000000000000e+00,2.000000000000000000e+00,0.000000000000000000e+00,6.900000000000000000e+01,1.000000000000000000e+00,1.000000000000000000e+00,1.000000000000000056e-01,2.999999999999999889e-01,1.000000000000000000e+00,1.100000000000000000e+01,6.900000000000000000e+01
1.001309594999999899e+04,0.000000000000000000e+00,0.000000000000000000e+00,0.000000000000000000e+00,6.900000000000000000e+01,0.000000000000000000e+00,1.000000000000000000e+00,0.000000000000000000e+00,0.000000000000000000e+00,0.000000000000000000e+00,0.000000000000000000e+00,6.900000000000000000e+01
1.001309594999999899e+04,0.000000000000000000e+00,1.000000000000000000e+00,0.000000000000000000e+00,6.900000000000000000e+01,1.000000000000000000e+00,0.000000000000000000e+00,-1.875000000000000000e-01,6.833333333333333481e-01,1.000000000000000000e+00,2.100000000000000000e+01,6.900000000000000000e+01
1.001309594999999899e+04,0.000000000000000000e+00,0.000000000000000000e+00,0.000000000000000000e+00,6.900000000000000000e+01,1.000000000000000000e+00,0.000000000000000000e+00,0.000000000000000000e+00,0.000000000000000000e+00,1.000000000000000000e+00,9.000000000000000000e+00,6.900000000000000000e+01
1.001309594999999899e+04,0.000000000000000000e+00,3.000000000000000000e+00,1.000000000000000000e+00,6.900000000000000000e+01,1.000000000000000000e+00,0.000000000000000000e+00,1.107142857142856956e-01,5.178571428571427937e-01,3.000000000000000000e+00,1.400000000000000000e+02,6.900000000000000000e+01
1.001309594999999899e+04,0.000000000000000000e+00,0.000000000000000000e+00,0.000000000000000000e+00,6.900000000000000000e+01,0.000000000000000000e+00,1.000000000000000000e+00,0.000000000000000000e+00,0.000000000000000000e+00,0.000000000000000000e+00,0.000000000000000000e+00,6.900000000000000000e+01
1.001309594999999899e+04,1.000000000000000000e+00,0.000000000000000000e+00,0.000000000000000000e+00,6.900000000000000000e+01,1.000000000000000000e+00,0.000000000000000000e+00,5.000000000000000000e-01,8.888888888888888395e-01,1.000000000000000000e+00,9.000000000000000000e+00,6.900000000000000000e+01
1.001309594999999899e+04,0.000000000000000000e+00,0.000000000000000000e+00,0.000000000000000000e+00,6.900000000000000000e+01,0.000000000000000000e+00,1.000000000000000000e+00,0.000000000000000000e+00,0.000000000000000000e+00,0.000000000000000000e+00,0.000000000000000000e+00,6.900000000000000000e+01
1.001309594999999899e+04,0.000000000000000000e+00,0.000000000000000000e+00,0.000000000000000000e+00,6.900000000000000000e+01,1.000000000000000000e+00,1.000000000000000000e+00,0.000000000000000000e+00,0.000000000000000000e+00,1.000000000000000000e+00,3.000000000000000000e+00,6.900000000000000000e+01
1.001309594999999899e+04,0.000000000000000000e+00,0.000000000000000000e+00,0.000000000000000000e+00,6.900000000000000000e+01,0.000000000000000000e+00,1.000000000000000000e+00,0.000000000000000000e+00,0.000000000000000000e+00,0.000000000000000000e+00,0.000000000000000000e+00,6.900000000000000000e+01
1.001309594999999899e+04,0.000000000000000000e+00,0.000000000000000000e+00,0.000000000000000000e+00,6.900000000000000000e+01,0.000000000000000000e+00,1.000000000000000000e+00,0.000000000000000000e+00,0.000000000000000000e+00,0.000000000000000000e+00,0.000000000000000000e+00,6.900000000000000000e+01
1.001309594999999899e+04,0.000000000000000000e+00,0.000000000000000000e+00,0.000000000000000000e+00,6.900000000000000000e+01,1.000000000000000000e+00,1.000000000000000000e+00,0.000000000000000000e+00,0.000000000000000000e+00,1.000000000000000000e+00,4.000000000000000000e+00,6.900000000000000000e+01
1.001309594999999899e+04,0.000000000000000000e+00,0.000000000000000000e+00,0.000000000000000000e+00,6.900000000000000000e+01,1.000000000000000000e+00,1.000000000000000000e+00,0.000000000000000000e+00,0.000000000000000000e+00,1.000000000000000000e+00,6.000000000000000000e+00,6.900000000000000000e+01
1.001309594999999899e+04,0.000000000000000000e+00,0.000000000000000000e+00,0.000000000000000000e+00,6.900000000000000000e+01,1.000000000000000000e+00,0.000000000000000000e+00,5.000000000000000000e-01,5.999999999999999778e-01,1.000000000000000000e+00,6.000000000000000000e+00,6.900000000000000000e+01
1.001309594999999899e+04,0.000000000000000000e+00,0.000000000000000000e+00,0.000000000000000000e+00,6.900000000000000000e+01,1.000000000000000000e+00,1.000000000000000000e+00,6.666666666666666574e-02,4.333333333333333481e-01,1.000000000000000000e+00,1.200000000000000000e+01,6.900000000000000000e+01
1.001309594999999899e+04,0.000000000000000000e+00,3.000000000000000000e+00,0.000000000000000000e+00,6.900000000000000000e+01,1.000000000000000000e+00,1.000000000000000000e+00,1.363636363636363535e-01,4.545454545454545303e-01,3.000000000000000000e+00,3.000000000000000000e+01,6.900000000000000000e+01
1.001309594999999899e+04,0.000000000000000000e+00,4.000000000000000000e+00,1.000000000000000000e+00,6.900000000000000000e+01,1.000000000000000000e+00,0.000000000000000000e+00,3.708874458874458768e-01,7.545454545454545192e-01,1.000000000000000000e+00,1.110000000000000000e+02,6.900000000000000000e+01
1.001309594999999899e+04,0.000000000000000000e+00,0.000000000000000000e+00,0.000000000000000000e+00,6.900000000000000000e+01,1.000000000000000000e+00,1.000000000000000000e+00,0.000000000000000000e+00,0.000000000000000000e+00,1.000000000000000000e+00,2.000000000000000000e+00,6.900000000000000000e+01
1.001309594999999899e+04,0.000000000000000000e+00,2.000000000000000000e+00,0.000000000000000000e+00,6.900000000000000000e+01,1.000000000000000000e+00,0.000000000000000000e+00,-1.083333333333333509e-01,5.250000000000000222e-01,4.000000000000000000e+00,6.000000000000000000e+01,6.900000000000000000e+01
1.001309594999999899e+04,0.000000000000000000e+00,0.000000000000000000e+00,0.000000000000000000e+00,6.900000000000000000e+01,1.000000000000000000e+00,1.000000000000000000e+00,0.000000000000000000e+00,0.000000000000000000e+00,1.000000000000000000e+00,1.000000000000000000e+00,6.900000000000000000e+01
1.001309594999999899e+04,1.000000000000000000e+00,0.000000000000000000e+00,0.000000000000000000e+00,6.900000000000000000e+01,1.000000000000000000e+00,0.000000000000000000e+00,-1.666666666666666574e-01,6.666666666666666574e-02,1.000000000000000000e+00,9.000000000000000000e+00,6.900000000000000000e+01
1.001309594999999899e+04,0.000000000000000000e+00,4.000000000000000000e+00,0.000000000000000000e+00,6.900000000000000000e+01,1.000000000000000000e+00,0.000000000000000000e+00,3.488095238095237915e-01,6.035714285714286476e-01,5.000000000000000000e+00,3.900000000000000000e+01,6.900000000000000000e+01
1.001309594999999899e+04,2.000000000000000000e+00,0.000000000000000000e+00,0.000000000000000000e+00,6.900000000000000000e+01,1.000000000000000000e+00,0.000000000000000000e+00,8.227272727272727515e-02,4.599999999999999645e-01,7.000000000000000000e+00,4.000000000000000000e+01,6.900000000000000000e+01
1.001309594999999899e+04,0.000000000000000000e+00,1.000000000000000000e+00,0.000000000000000000e+00,6.900000000000000000e+01,1.000000000000000000e+00,0.000000000000000000e+00,0.000000000000000000e+00,0.000000000000000000e+00,1.000000000000000000e+00,1.800000000000000000e+01,6.900000000000000000e+01
1.001309594999999899e+04,0.000000000000000000e+00,0.000000000000000000e+00,0.000000000000000000e+00,6.900000000000000000e+01,0.000000000000000000e+00,1.000000000000000000e+00,0.000000000000000000e+00,0.000000000000000000e+00,0.000000000000000000e+00,0.000000000000000000e+00,6.900000000000000000e+01
1.001309594999999899e+04,2.000000000000000000e+00,1.000000000000000000e+00,0.000000000000000000e+00,6.900000000000000000e+01,1.000000000000000000e+00,0.000000000000000000e+00,4.687500000000000000e-01,2.000000000000000111e-01,2.000000000000000000e+00,2.000000000000000000e+01,6.900000000000000000e+01
1.001309594999999899e+04,1.000000000000000000e+00,0.000000000000000000e+00,0.000000000000000000e+00,6.900000000000000000e+01,1.000000000000000000e+00,0.000000000000000000e+00,2.857142857142856984e-01,5.357142857142856984e-01,1.000000000000000000e+00,1.700000000000000000e+01,6.900000000000000000e+01
1.001309594999999899e+04,1.000000000000000000e+00,1.000000000000000000e+00,0.000000000000000000e+00,6.900000000000000000e+01,1.000000000000000000e+00,0.000000000000000000e+00,0.000000000000000000e+00,0.000000000000000000e+00,1.000000000000000000e+00,6.000000000000000000e+00,6.900000000000000000e+01
1.001309594999999899e+04,0.000000000000000000e+00,0.000000000000000000e+00,0.000000000000000000e+00,6.900000000000000000e+01,1.000000000000000000e+00,1.000000000000000000e+00,0.000000000000000000e+00,6.250000000000000000e-01,1.000000000000000000e+00,2.600000000000000000e+01,6.900000000000000000e+01
1.001309594999999899e+04,0.000000000000000000e+00,0.000000000000000000e+00,0.000000000000000000e+00,6.900000000000000000e+01,0.000000000000000000e+00,1.000000000000000000e+00,0.000000000000000000e+00,0.000000000000000000e+00,0.000000000000000000e+00,0.000000000000000000e+00,6.900000000000000000e+01
1.001309594999999899e+04,0.000000000000000000e+00,3.000000000000000000e+00,0.000000000000000000e+00,6.900000000000000000e+01,1.000000000000000000e+00,0.000000000000000000e+00,1.875000000000000000e-01,4.444444444444444198e-01,2.000000000000000000e+00,4.000000000000000000e+01,6.900000000000000000e+01
1.001309594999999899e+04,0.000000000000000000e+00,1.000000000000000000e+00,0.000000000000000000e+00,7.400000000000000000e+01,1.000000000000000000e+00,1.000000000000000000e+00,0.000000000000000000e+00,0.000000000000000000e+00,1.000000000000000000e+00,9.000000000000000000e+00,7.400000000000000000e+01
1.001309594999999899e+04,2.000000000000000000e+00,1.000000000000000000e+00,0.000000000000000000e+00,7.400000000000000000e+01,1.000000000000000000e+00,0.000000000000000000e+00,2.899999999999999800e-01,5.799999999999999600e-01,3.000000000000000000e+00,6.000000000000000000e+01,7.400000000000000000e+01
1.001309594999999899e+04,4.000000000000000000e+00,1.100000000000000000e+01,0.000000000000000000e+00,7.400000000000000000e+01,1.000000000000000000e+00,0.000000000000000000e+00,-2.444444444444444919e-02,5.644444444444443043e-01,2.000000000000000000e+00,1.390000000000000000e+02,7.400000000000000000e+01
1.145309594999999899e+04,1.000000000000000000e+00,1.100000000000000000e+01,0.000000000000000000e+00,7.400000000000000000e+01,1.000000000000000000e+00,0.000000000000000000e+00,1.659181096681096590e-01,4.962481962481962161e-01,5.000000000000000000e+00,2.480000000000000000e+02,7.400000000000000000e+01
1.145309594999999899e+04,1.000000000000000000e+00,2.000000000000000000e+00,0.000000000000000000e+00,7.400000000000000000e+01,1.000000000000000000e+00,0.000000000000000000e+00,1.429292929292929337e-01,4.770482603815937583e-01,2.000000000000000000e+00,8.000000000000000000e+01,7.400000000000000000e+01
1.145309594999999899e+04,0.000000000000000000e+00,2.000000000000000000e+00,0.000000000000000000e+00,7.400000000000000000e+01,1.000000000000000000e+00,0.000000000000000000e+00,-2.877551020408163351e-01,5.574829931972787866e-01,1.000000000000000000e+00,4.800000000000000000e+01,7.400000000000000000e+01
1.145309594999999899e+04,0.000000000000000000e+00,0.000000000000000000e+00,0.000000000000000000e+00,7.400000000000000000e+01,0.000000000000000000e+00,1.000000000000000000e+00,0.000000000000000000e+00,0.000000000000000000e+00,0.000000000000000000e+00,0.000000000000000000e+00,7.400000000000000000e+01
1.145309594999999899e+04,0.000000000000000000e+00,0.000000000000000000e+00,0.000000000000000000e+00,7.400000000000000000e+01,1.000000000000000000e+00,1.000000000000000000e+00,0.000000000000000000e+00,0.000000000000000000e+00,1.000000000000000000e+00,6.000000000000000000e+00,7.400000000000000000e+01
1.145309594999999899e+04,0.000000000000000000e+00,1.000000000000000000e+00,1.000000000000000000e+00,7.400000000000000000e+01,1.000000000000000000e+00,0.000000000000000000e+00,2.000000000000002817e-02,4.933333333333333459e-01,3.000000000000000000e+00,6.800000000000000000e+01,7.400000000000000000e+01
1.145309594999999899e+04,0.000000000000000000e+00,0.000000000000000000e+00,0.000000000000000000e+00,7.400000000000000000e+01,0.000000000000000000e+00,1.000000000000000000e+00,0.000000000000000000e+00,0.000000000000000000e+00,0.000000000000000000e+00,0.000000000000000000e+00,7.400000000000000000e+01
1.145309594999999899e+04,1.000000000000000000e+00,1.000000000000000000e+00,0.000000000000000000e+00,7.400000000000000000e+01,1.000000000000000000e+00,1.000000000000000000e+00,0.000000000000000000e+00,0.000000000000000000e+00,3.000000000000000000e+00,3.100000000000000000e+01,7.400000000000000000e+01
1.289309594999999899e+04,1.000000000000000000e+00,1.000000000000000000e+00,0.000000000000000000e+00,7.400000000000000000e+01,1.000000000000000000e+00,0.000000000000000000e+00,0.000000000000000000e+00,0.000000000000000000e+00,1.000000000000000000e+00,3.300000000000000000e+01,7.400000000000000000e+01
1.289309594999999899e+04,1.000000000000000000e+00,0.000000000000000000e+00,0.000000000000000000e+00,7.400000000000000000e+01,1.000000000000000000e+00,0.000000000000000000e+00,0.000000000000000000e+00,0.000000000000000000e+00,1.000000000000000000e+00,8.000000000000000000e+00,7.400000000000000000e+01
1.289309594999999899e+04,1.000000000000000000e+00,1.000000000000000000e+00,0.000000000000000000e+00,7.400000000000000000e+01,1.000000000000000000e+00,0.000000000000000000e+00,-5.000000000000000000e-01,5.500000000000000444e-01,1.000000000000000000e+00,9.000000000000000000e+00,7.400000000000000000e+01
1.289309594999999899e+04,0.000000000000000000e+00,0.000000000000000000e+00,0.000000000000000000e+00,7.400000000000000000e+01,0.000000000000000000e+00,1.000000000000000000e+00,0.000000000000000000e+00,0.000000000000000000e+00,0.000000000000000000e+00,0.000000000000000000e+00,7.400000000000000000e+01
1.289309594999999899e+04,0.000000000000000000e+00,0.000000000000000000e+00,0.000000000000000000e+00,7.400000000000000000e+01,0.000000000000000000e+00,1.000000000000000000e+00,0.000000000000000000e+00,0.000000000000000000e+00,0.000000000000000000e+00,0.000000000000000000e+00,7.400000000000000000e+01
1.289309594999999899e+04,1.000000000000000000e+00,0.000000000000000000e+00,0.000000000000000000e+00,7.400000000000000000e+01,1.000000000000000000e+00,1.000000000000000000e+00,2.000000000000000111e-01,2.000000000000000111e-01,1.000000000000000000e+00,8.000000000000000000e+00,7.400000000000000000e+01
1.289309594999999899e+04,0.000000000000000000e+00,0.000000000000000000e+00,0.000000000000000000e+00,7.400000000000000000e+01,0.000000000000000000e+00,1.000000000000000000e+00,0.000000000000000000e+00,0.000000000000000000e+00,0.000000000000000000e+00,0.000000000000000000e+00,7.400000000000000000e+01
1.433309594999999899e+04,3.000000000000000000e+00,0.000000000000000000e+00,0.000000000000000000e+00,8.300000000000000000e+01,1.000000000000000000e+00,1.000000000000000000e+00,-8.000000000000000444e-01,9.000000000000000222e-01,1.000000000000000000e+00,1.300000000000000000e+01,8.300000000000000000e+01
1.433309594999999899e+04,0.000000000000000000e+00,1.000000000000000000e+00,0.000000000000000000e+00,8.300000000000000000e+01,1.000000000000000000e+00,1.000000000000000000e+00,0.000000000000000000e+00,0.000000000000000000e+00,1.000000000000000000e+00,7.000000000000000000e+00,8.300000000000000000e+01
1.433309594999999899e+04,1.200000000000000000e+01,1.000000000000000000e+01,0.000000000000000000e+00,8.600000000000000000e+01,1.000000000000000000e+00,0.000000000000000000e+00,3.481576562971912953e-02,5.864013893083659390e-01,6.000000000000000000e+00,4.420000000000000000e+02,8.600000000000000000e+01
1.433309594999999899e+04,0.000000000000000000e+00,0.000000000000000000e+00,0.000000000000000000e+00,8.600000000000000000e+01,1.000000000000000000e+00,0.000000000000000000e+00,0.000000000000000000e+00,0.000000000000000000e+00,1.000000000000000000e+00,1.000000000000000000e+00,8.600000000000000000e+01
1.433309594999999899e+04,3.000000000000000000e+00,2.000000000000000000e+00,0.000000000000000000e+00,8.600000000000000000e+01,1.000000000000000000e+00,1.000000000000000000e+00,2.999999999999999889e-01,3.333333333333333148e-01,4.000000000000000000e+00,3.600000000000000000e+01,8.600000000000000000e+01
1.433309594999999899e+04,0.000000000000000000e+00,0.000000000000000000e+00,0.000000000000000000e+00,8.900000000000000000e+01,1.000000000000000000e+00,0.000000000000000000e+00,0.000000000000000000e+00,0.000000000000000000e+00,1.000000000000000000e+00,2.000000000000000000e+00,8.900000000000000000e+01
1.433309594999999899e+04,0.000000000000000000e+00,0.000000000000000000e+00,0.000000000000000000e+00,8.900000000000000000e+01,0.000000000000000000e+00,1.000000000000000000e+00,0.000000000000000000e+00,0.000000000000000000e+00,0.000000000000000000e+00,0.000000000000000000e+00,8.900000000000000000e+01
1.433309594999999899e+04,0.000000000000000000e+00,0.000000000000000000e+00,1.000000000000000000e+00,8.900000000000000000e+01,1.000000000000000000e+00,1.000000000000000000e+00,1.000000000000000056e-01,2.500000000000000000e-01,1.000000000000000000e+00,1.800000000000000000e+01,8.900000000000000000e+01
1.433309594999999899e+04,0.000000000000000000e+00,0.000000000000000000e+00,0.000000000000000000e+00,9.600000000000000000e+01,1.000000000000000000e+00,1.000000000000000000e+00,0.000000000000000000e+00,0.000000000000000000e+00,1.000000000000000000e+00,1.000000000000000000e+00,9.600000000000000000e+01
1.433309594999999899e+04,0.000000000000000000e+00,0.000000000000000000e+00,0.000000000000000000e+00,9.600000000000000000e+01,1.000000000000000000e+00,1.000000000000000000e+00,0.000000000000000000e+00,0.000000000000000000e+00,1.000000000000000000e+00,2.000000000000000000e+00,9.600000000000000000e+01
1.577309594999999899e+04,0.000000000000000000e+00,0.000000000000000000e+00,0.000000000000000000e+00,1.000000000000000000e+02,1.000000000000000000e+00,0.000000000000000000e+00,2.500000000000000000e-01,3.333333333333333148e-01,1.000000000000000000e+00,4.000000000000000000e+00,1.000000000000000000e+02
1.577309594999999899e+04,0.000000000000000000e+00,0.000000000000000000e+00,0.000000000000000000e+00,1.060000000000000000e+02,0.000000000000000000e+00,1.000000000000000000e+00,0.000000000000000000e+00,0.000000000000000000e+00,0.000000000000000000e+00,0.000000000000000000e+00,1.060000000000000000e+02
1.577309594999999899e+04,0.000000000000000000e+00,1.000000000000000000e+00,0.000000000000000000e+00,1.110000000000000000e+02,1.000000000000000000e+00,1.000000000000000000e+00,-6.500000000000000222e-01,9.499999999999999556e-01,1.000000000000000000e+00,1.400000000000000000e+01,1.110000000000000000e+02
1.577309594999999899e+04,0.000000000000000000e+00,0.000000000000000000e+00,0.000000000000000000e+00,1.110000000000000000e+02,1.000000000000000000e+00,1.000000000000000000e+00,9.375000000000000000e-02,7.881944444444444198e-01,1.000000000000000000e+00,4.000000000000000000e+00,1.110000000000000000e+02
1.577309594999999899e+04,3.000000000000000000e+00,1.000000000000000000e+00,1.000000000000000000e+00,1.110000000000000000e+02,1.000000000000000000e+00,0.000000000000000000e+00,0.000000000000000000e+00,0.000000000000000000e+00,1.000000000000000000e+00,1.900000000000000000e+01,1.110000000000000000e+02
1.577309594999999899e+04,0.000000000000000000e+00,0.000000000000000000e+00,0.000000000000000000e+00,1.170000000000000000e+02,1.000000000000000000e+00,1.000000000000000000e+00,0.000000000000000000e+00,0.000000000000000000e+00,1.000000000000000000e+00,8.000000000000000000e+00,1.170000000000000000e+02
1.577309594999999899e+04,0.000000000000000000e+00,0.000000000000000000e+00,0.000000000000000000e+00,1.230000000000000000e+02,1.000000000000000000e+00,1.000000000000000000e+00,0.000000000000000000e+00,0.000000000000000000e+00,1.000000000000000000e+00,3.000000000000000000e+00,1.230000000000000000e+02
1.577309594999999899e+04,1.000000000000000000e+00,0.000000000000000000e+00,0.000000000000000000e+00,1.370000000000000000e+02,1.000000000000000000e+00,1.000000000000000000e+00,4.000000000000000222e-01,4.000000000000000222e-01,2.000000000000000000e+00,1.000000000000000000e+01,1.370000000000000000e+02
1.721309594999999899e+04,0.000000000000000000e+00,4.000000000000000000e+00,0.000000000000000000e+00,1.370000000000000000e+02,1.000000000000000000e+00,0.000000000000000000e+00,0.000000000000000000e+00,1.666666666666666574e-01,1.000000000000000000e+00,8.900000000000000000e+01,1.370000000000000000e+02
1.721309594999999899e+04,0.000000000000000000e+00,0.000000000000000000e+00,0.000000000000000000e+00,1.410000000000000000e+02,1.000000000000000000e+00,1.000000000000000000e+00,0.000000000000000000e+00,0.000000000000000000e+00,1.000000000000000000e+00,1.000000000000000000e+00,1.410000000000000000e+02
1.721309594999999899e+04,0.000000000000000000e+00,4.000000000000000000e+00,0.000000000000000000e+00,1.420000000000000000e+02,1.000000000000000000e+00,0.000000000000000000e+00,3.999999999999999667e-01,3.666666666666666963e-01,1.000000000000000000e+00,5.200000000000000000e+01,1.420000000000000000e+02
1.721309594999999899e+04,0.000000000000000000e+00,3.000000000000000000e+00,0.000000000000000000e+00,1.420000000000000000e+02,1.000000000000000000e+00,1.000000000000000000e+00,1.375000000000000111e-01,3.750000000000000000e-01,1.000000000000000000e+00,4.300000000000000000e+01,1.420000000000000000e+02
1.721309594999999899e+04,6.000000000000000000e+00,3.000000000000000000e+00,0.000000000000000000e+00,1.420000000000000000e+02,1.000000000000000000e+00,0.000000000000000000e+00,-1.199999999999999539e-01,7.066666666666666652e-01,1.000000000000000000e+00,9.300000000000000000e+01,1.420000000000000000e+02
1.721309594999999899e+04,4.000000000000000000e+00,3.000000000000000000e+01,4.000000000000000000e+00,1.420000000000000000e+02,1.000000000000000000e+00,1.000000000000000000e+00,9.319376026272578606e-02,5.195484400656814605e-01,1.800000000000000000e+01,4.790000000000000000e+02,1.420000000000000000e+02
1.721309594999999899e+04,6.000000000000000000e+00,3.200000000000000000e+01,2.000000000000000000e+00,1.420000000000000000e+02,1.000000000000000000e+00,1.000000000000000000e+00,2.373958333333333059e-01,6.362152777777776436e-01,1.800000000000000000e+01,5.340000000000000000e+02,1.420000000000000000e+02
1.721309594999999899e+04,0.000000000000000000e+00,0.000000000000000000e+00,0.000000000000000000e+00,1.430000000000000000e+02,1.000000000000000000e+00,1.000000000000000000e+00,0.000000000000000000e+00,0.000000000000000000e+00,1.000000000000000000e+00,1.400000000000000000e+01,1.430000000000000000e+02
1.721309594999999899e+04,0.000000000000000000e+00,0.000000000000000000e+00,0.000000000000000000e+00,1.430000000000000000e+02,0.000000000000000000e+00,1.000000000000000000e+00,0.000000000000000000e+00,0.000000000000000000e+00,0.000000000000000000e+00,0.000000000000000000e+00,1.430000000000000000e+02
1.721309594999999899e+04,0.000000000000000000e+00,1.000000000000000000e+00,0.000000000000000000e+00,1.430000000000000000e+02,1.000000000000000000e+00,0.000000000000000000e+00,-3.000000000000000444e-01,6.999999999999999556e-01,1.000000000000000000e+00,1.000000000000000000e+01,1.430000000000000000e+02
1.721309594999999899e+04,0.000000000000000000e+00,0.000000000000000000e+00,0.000000000000000000e+00,1.430000000000000000e+02,0.000000000000000000e+00,1.000000000000000000e+00,0.000000000000000000e+00,0.000000000000000000e+00,0.000000000000000000e+00,0.000000000000000000e+00,1.430000000000000000e+02
1.721309594999999899e+04,0.000000000000000000e+00,0.000000000000000000e+00,0.000000000000000000e+00,1.430000000000000000e+02,1.000000000000000000e+00,1.000000000000000000e+00,0.000000000000000000e+00,0.000000000000000000e+00,1.000000000000000000e+00,4.000000000000000000e+00,1.430000000000000000e+02
1.721309594999999899e+04,0.000000000000000000e+00,1.000000000000000000e+00,0.000000000000000000e+00,1.430000000000000000e+02,1.000000000000000000e+00,0.000000000000000000e+00,-4.000000000000000222e-01,5.999999999999999778e-01,1.000000000000000000e+00,8.000000000000000000e+00,1.430000000000000000e+02
1.721309594999999899e+04,0.000000000000000000e+00,0.000000000000000000e+00,0.000000000000000000e+00,1.430000000000000000e+02,0.000000000000000000e+00,1.000000000000000000e+00,0.000000000000000000e+00,0.000000000000000000e+00,0.000000000000000000e+00,0.000000000000000000e+00,1.430000000000000000e+02
1.721309594999999899e+04,0.000000000000000000e+00,0.000000000000000000e+00,0.000000000000000000e+00,1.430000000000000000e+02,0.000000000000000000e+00,1.000000000000000000e+00,0.000000000000000000e+00,0.000000000000000000e+00,0.000000000000000000e+00,0.000000000000000000e+00,1.430000000000000000e+02
1.721309594999999899e+04,0.000000000000000000e+00,1.000000000000000000e+00,0.000000000000000000e+00,1.430000000000000000e+02,1.000000000000000000e+00,0.000000000000000000e+00,-4.000000000000000222e-01,5.999999999999999778e-01,1.000000000000000000e+00,8.000000000000000000e+00,1.430000000000000000e+02
1.721309594999999899e+04,0.000000000000000000e+00,0.000000000000000000e+00,0.000000000000000000e+00,1.430000000000000000e+02,0.000000000000000000e+00,1.000000000000000000e+00,0.000000000000000000e+00,0.000000000000000000e+00,0.000000000000000000e+00,0.000000000000000000e+00,1.430000000000000000e+02
1.721309594999999899e+04,0.000000000000000000e+00,1.000000000000000000e+00,0.000000000000000000e+00,1.430000000000000000e+02,1.000000000000000000e+00,0.000000000000000000e+00,-4.000000000000000222e-01,5.999999999999999778e-01,1.000000000000000000e+00,8.000000000000000000e+00,1.430000000000000000e+02
1.721309594999999899e+04,0.000000000000000000e+00,0.000000000000000000e+00,0.000000000000000000e+00,1.430000000000000000e+02,0.000000000000000000e+00,1.000000000000000000e+00,0.000000000000000000e+00,0.000000000000000000e+00,0.000000000000000000e+00,0.000000000000000000e+00,1.430000000000000000e+02
1.721309594999999899e+04,0.000000000000000000e+00,1.000000000000000000e+00,0.000000000000000000e+00,1.430000000000000000e+02,1.000000000000000000e+00,0.000000000000000000e+00,-4.000000000000000222e-01,5.999999999999999778e-01,1.000000000000000000e+00,8.000000000000000000e+00,1.430000000000000000e+02
1.865309594999999899e+04,0.000000000000000000e+00,0.000000000000000000e+00,0.000000000000000000e+00,1.430000000000000000e+02,0.000000000000000000e+00,1.000000000000000000e+00,0.000000000000000000e+00,0.000000000000000000e+00,0.000000000000000000e+00,0.000000000000000000e+00,1.430000000000000000e+02
1.865309594999999899e+04,1.000000000000000000e+00,0.000000000000000000e+00,0.000000000000000000e+00,1.430000000000000000e+02,1.000000000000000000e+00,1.000000000000000000e+00,0.000000000000000000e+00,0.000000000000000000e+00,1.000000000000000000e+00,8.000000000000000000e+00,1.430000000000000000e+02
1.865309594999999899e+04,0.000000000000000000e+00,3.000000000000000000e+00,0.000000000000000000e+00,1.430000000000000000e+02,1.000000000000000000e+00,0.000000000000000000e+00,-2.361111111111110772e-01,6.833333333333332371e-01,1.000000000000000000e+00,4.400000000000000000e+01,1.430000000000000000e+02
1.865309594999999899e+04,0.000000000000000000e+00,0.000000000000000000e+00,0.000000000000000000e+00,1.430000000000000000e+02,0.000000000000000000e+00,1.000000000000000000e+00,0.000000000000000000e+00,0.000000000000000000e+00,0.000000000000000000e+00,0.000000000000000000e+00,1.430000000000000000e+02
1.865309594999999899e+04,0.000000000000000000e+00,0.000000000000000000e+00,0.000000000000000000e+00,1.430000000000000000e+02,0.000000000000000000e+00,1.000000000000000000e+00,0.000000000000000000e+00,0.000000000000000000e+00,0.000000000000000000e+00,0.000000000000000000e+00,1.430000000000000000e+02
1.865309594999999899e+04,0.000000000000000000e+00,0.000000000000000000e+00,0.000000000000000000e+00,1.510000000000000000e+02,1.000000000000000000e+00,0.000000000000000000e+00,1.099999999999999867e-01,3.500000000000000333e-01,8.000000000000000000e+00,3.200000000000000000e+01,1.510000000000000000e+02
1.865309594999999899e+04,1.000000000000000000e+00,1.000000000000000000e+00,0.000000000000000000e+00,1.510000000000000000e+02,1.000000000000000000e+00,0.000000000000000000e+00,-8.333333333333332871e-02,2.500000000000000000e-01,1.000000000000000000e+00,2.100000000000000000e+01,1.510000000000000000e+02
1.865309594999999899e+04,0.000000000000000000e+00,1.000000000000000000e+00,0.000000000000000000e+00,1.510000000000000000e+02,1.000000000000000000e+00,0.000000000000000000e+00,2.299999999999999822e-01,4.699999999999999734e-01,1.000000000000000000e+00,8.000000000000000000e+00,1.510000000000000000e+02
1.865309594999999899e+04,0.000000000000000000e+00,2.000000000000000000e+00,0.000000000000000000e+00,1.510000000000000000e+02,1.000000000000000000e+00,1.000000000000000000e+00,-9.999999999999997780e-02,6.999999999999999556e-01,2.000000000000000000e+00,2.200000000000000000e+01,1.510000000000000000e+02
1.865309594999999899e+04,0.000000000000000000e+00,0.000000000000000000e+00,0.000000000000000000e+00,1.510000000000000000e+02,1.000000000000000000e+00,0.000000000000000000e+00,-3.333333333333333287e-02,4.333333333333333481e-01,1.000000000000000000e+00,2.100000000000000000e+01,1.510000000000000000e+02
1.865309594999999899e+04,2.000000000000000000e+00,0.000000000000000000e+00,0.000000000000000000e+00,1.510000000000000000e+02,1.000000000000000000e+00,1.000000000000000000e+00,-2.500000000000000139e-02,6.999999999999999556e-01,2.000000000000000000e+00,2.600000000000000000e+01,1.510000000000000000e+02
1.865309594999999899e+04,0.000000000000000000e+00,0.000000000000000000e+00,0.000000000000000000e+00,1.510000000000000000e+02,0.000000000000000000e+00,1.000000000000000000e+00,0.000000000000000000e+00,0.000000000000000000e+00,0.000000000000000000e+00,0.000000000000000000e+00,1.510000000000000000e+02
1.865309594999999899e+04,5.000000000000000000e+00,5.000000000000000000e+00,0.000000000000000000e+00,1.510000000000000000e+02,1.000000000000000000e+00,1.000000000000000000e+00,1.360544217687074675e-01,3.670068027210883765e-01,3.000000000000000000e+00,6.900000000000000000e+01,1.510000000000000000e+02
1.865309594999999899e+04,0.000000000000000000e+00,1.000000000000000000e+00,0.000000000000000000e+00,1.510000000000000000e+02,1.000000000000000000e+00,1.000000000000000000e+00,2.000000000000000111e-01,2.999999999999999889e-01,3.000000000000000000e+00,1.100000000000000000e+01,1.510000000000000000e+02
1.865309594999999899e+04,0.000000000000000000e+00,0.000000000000000000e+00,0.000000000000000000e+00,1.510000000000000000e+02,0.000000000000000000e+00,1.000000000000000000e+00,0.000000000000000000e+00,0.000000000000000000e+00,0.000000000000000000e+00,0.000000000000000000e+00,1.510000000000000000e+02
1.865309594999999899e+04,0.000000000000000000e+00,0.000000000000000000e+00,0.000000000000000000e+00,1.510000000000000000e+02,0.000000000000000000e+00,1.000000000000000000e+00,0.000000000000000000e+00,0.000000000000000000e+00,0.000000000000000000e+00,0.000000000000000000e+00,1.510000000000000000e+02
1.865309594999999899e+04,0.000000000000000000e+00,0.000000000000000000e+00,0.000000000000000000e+00,1.510000000000000000e+02,0.000000000000000000e+00,1.000000000000000000e+00,0.000000000000000000e+00,0.000000000000000000e+00,0.000000000000000000e+00,0.000000000000000000e+00,1.510000000000000000e+02
1.865309594999999899e+04,0.000000000000000000e+00,0.000000000000000000e+00,0.000000000000000000e+00,1.510000000000000000e+02,0.000000000000000000e+00,1.000000000000000000e+00,0.000000000000000000e+00,0.000000000000000000e+00,0.000000000000000000e+00,0.000000000000000000e+00,1.510000000000000000e+02
1.865309594999999899e+04,0.000000000000000000e+00,0.000000000000000000e+00,0.000000000000000000e+00,1.510000000000000000e+02,0.000000000000000000e+00,1.000000000000000000e+00,0.000000000000000000e+00,0.000000000000000000e+00,0.000000000000000000e+00,0.000000000000000000e+00,1.510000000000000000e+02
1.865309594999999899e+04,0.000000000000000000e+00,2.000000000000000000e+00,0.000000000000000000e+00,1.510000000000000000e+02,1.000000000000000000e+00,0.000000000000000000e+00,0.000000000000000000e+00,0.000000000000000000e+00,1.000000000000000000e+00,1.200000000000000000e+01,1.510000000000000000e+02
